ACCELEROMETER X (m/s²);ACCELEROMETER Y (m/s²);ACCELEROMETER Z (m/s²);GRAVITY X (m/s²);GRAVITY Y (m/s²);GRAVITY Z (m/s²);LINEAR ACCELERATION X (m/s²);LINEAR ACCELERATION Y (m/s²);LINEAR ACCELERATION Z (m/s²);GYROSCOPE X (rad/s);GYROSCOPE Y (rad/s);GYROSCOPE Z (rad/s);LIGHT (lux);MAGNETIC FIELD X (μT);MAGNETIC FIELD Y (μT);MAGNETIC FIELD Z (μT);ORIENTATION Z (azimuth °);ORIENTATION X (pitch °);ORIENTATION Y (roll °);PROXIMITY (i);ATMOSPHERIC PRESSURE (hPa);SOUND LEVEL (dB);LOCATION Latitude : ;LOCATION Longitude : ;LOCATION Altitude ( m);LOCATION Altitude-google ( m);LOCATION Altitude-atmospheric pressure ( m);LOCATION Speed ( Kmh);LOCATION Accuracy ( m);LOCATION ORIENTATION (°);Satellites in range;Time since start in ms ;YYYY-MO-DD HH-MI-SS_SSS
-1.2784;3.1555;7.8694;-2.3092;2.2574;9.2597;-0.7733;1.2741;-0.3814;-0.3033;-0.5722;0.1804;4.0;25.8;-19.95;1.05;235.33;-15.51;20.56;5.0;991.33;37.276;35.957973;-83.922646;;NaN;;;1612.9032;;0 / 19;16;2022-10-23 22:37:30:647
1.1623;0.1783;9.5548;0.9359;1.9861;9.5577;0.8058;-1.2731;3.0221;0.0221;-0.2962;-0.6103;3.0;25.78;-24.56;-16.26;231.57;-11.68;-5.59;5.0;991.38;36.303;35.957973;-83.922646;;NaN;;;1612.9032;;0 / 19;516;2022-10-23 22:37:31:147
-2.2325;-0.2994;10.0217;-1.0608;2.2131;9.4946;-0.5453;0.5157;-0.2994;-0.3705;0.7708;0.2862;2.0;30.17;-27.09;-25.61;234.33;-11.08;0.14;5.0;991.33;39.334;35.957973;-83.922646;;NaN;;;1612.9032;;0 / 19;1019;2022-10-23 22:37:31:650
-0.7804;0.0957;9.3694;-2.6697;0.384;9.4284;0.2821;-0.0083;0.6981;-0.4373;-0.4775;-0.9911;1.0;46.13;-31.72;-27.73;230.28;-2.24;15.81;5.0;991.3;40.239;35.957973;-83.922646;;NaN;;;1612.9032;;0 / 19;1516;2022-10-23 22:37:32:147
-4.6648;0.8222;11.633;-2.6543;0.4033;9.432;-1.1087;0.4896;4.6007;0.2834;-0.5555;-0.7943;2.0;58.11;-17.34;-29.08;250.15;1.47;12.96;5.0;991.3;41.361;35.957973;-83.922646;;NaN;;;1612.9032;;0 / 19;2017;2022-10-23 22:37:32:648
2.8238;1.8278;8.2597;-1.1459;1.0741;9.6801;-0.0927;-1.1797;-1.9178;-1.798;-2.0154;0.1962;2.0;61.46;13.63;-19.76;286.16;-6.29;6.75;5.0;991.23;52.107;35.957973;-83.922646;;NaN;;;1612.9032;;0 / 19;2518;2022-10-23 22:37:33:149
2.5283;-1.6184;12.5318;1.4234;0.8156;9.6685;-1.4107;1.5624;4.9662;1.1998;0.6391;0.564;2.0;50.33;29.08;-30.24;297.01;3.07;-10.68;5.0;991.23;39.937;35.957973;-83.922646;;NaN;;;1612.9032;;0 / 19;3017;2022-10-23 22:37:33:648
2.5125;2.1835;10.8452;0.0758;2.7242;9.4204;1.3107;0.0493;-0.5462;-0.4332;0.7067;0.2385;2.0;50.57;36.3;-37.61;311.27;-16.13;-0.46;5.0;991.21;42.969;35.957973;-83.922646;;NaN;;;1612.9032;;0 / 19;3516;2022-10-23 22:37:34:147
1.1061;3.9048;9.6601;2.1842;1.5857;9.4279;-1.3794;0.6153;0.9059;0.3225;0.0656;0.1722;2.0;50.14;34.65;-41.72;302.03;-6.63;-17.3;5.0;991.18;42.832;35.957973;-83.922646;;NaN;;;1612.9032;;0 / 19;4016;2022-10-23 22:37:34:647
3.6221;2.9148;8.3722;1.4878;4.1208;8.7736;1.7464;-1.8326;1.9452;1.9344;-0.1278;0.1456;4.0;41.66;37.46;-38.87;314.31;-24.85;-9.62;5.0;991.17;47.825;35.957973;-83.922646;;NaN;;;1612.9032;;0 / 19;4517;2022-10-23 22:37:35:148
-1.3155;-2.63;1.2736;2.1809;8.3518;4.6542;-6.3973;1.9138;-2.4793;-1.1443;-0.1115;-0.4755;3.0;40.88;16.59;-55.39;313.91;-51.19;-9.5;5.0;991.09;38.215;35.957973;-83.922646;;NaN;;;1612.9032;;0 / 19;5017;2022-10-23 22:37:35:648
-0.4155;5.1532;6.8183;2.6112;4.656;8.2264;-1.9474;-1.1314;1.0696;-1.7905;-0.4594;-0.827;6.0;-1.54;-15.36;-67.78;310.53;-27.97;-18.91;5.0;991.15;45.17;35.957973;-83.922646;;NaN;;;1612.9032;;0 / 19;5516;2022-10-23 22:37:36:147
0.4298;5.4203;5.5771;1.279;4.2576;8.7411;1.0798;0.5304;0.486;0.891;0.1992;-0.1959;3.0;1.59;0.92;-79.33;330.3;-20.68;-10.32;5.0;991.11;44.607;35.957973;-83.922646;;NaN;;;1612.9032;;0 / 19;6016;2022-10-23 22:37:36:647
1.4498;4.1716;5.9722;-1.2353;3.6096;9.0341;1.9858;-0.9918;-0.5979;0.4037;-0.8346;-1.6188;3.0;22.39;-8.61;-50.51;307.27;-21.6;7.79;5.0;991.12;49.704;35.957973;-83.922646;;NaN;;;1612.9032;;0 / 19;6517;2022-10-23 22:37:37:148
0.5004;4.3298;8.6761;0.6862;2.8847;9.3476;-0.7319;0.3402;-2.6032;0.2401;-0.8025;-0.5261;5.0;12.73;-7.01;-43.09;285.52;-14.81;-0.57;5.0;991.12;46.028;35.957973;-83.922646;;NaN;;;1612.9032;;0 / 19;7016;2022-10-23 22:37:37:647
-0.3018;2.953;8.0919;-0.3048;3.3867;9.1983;1.447;-2.5177;0.3749;-0.0295;0.452;-0.431;1.0;1.26;-6.13;-37.97;1.98;-20.2;1.9;5.0;991.13;38.525;35.957973;-83.922646;;NaN;;;1612.9032;;0 / 19;7516;2022-10-23 22:37:38:147
0.5279;2.4383;5.7314;-0.1614;4.3242;8.8003;0.974;-3.151;-1.4144;-0.1661;-0.0121;-0.1913;1.0;-0.41;0.15;-37.31;7.51;-24.96;3.18;5.0;991.07;71.058;35.957973;-83.922646;;NaN;;;1612.9032;;0 / 19;8017;2022-10-23 22:37:38:648
-0.9805;6.9966;8.2968;0.0507;4.0251;8.9424;0.0148;1.3602;0.5578;-1.1346;0.3856;-0.0092;1.0;-11.4;5.81;-39.13;26.62;-24.23;-0.32;5.0;991.09;65.849;35.957973;-83.922646;;NaN;;;1612.9032;;0 / 19;8517;2022-10-23 22:37:39:148
-0.5662;1.8948;11.0309;-0.0572;3.1602;9.2833;-0.6286;-0.5482;-0.7368;1.2024;-0.0589;0.4914;1.0;-22.93;7.73;-34.91;55.36;-15.52;2.25;5.0;991.0;66.62;35.957973;-83.922646;;NaN;;;1612.9032;;0 / 19;9016;2022-10-23 22:37:39:647
1.3801;2.2229;7.0122;1.2545;1.8786;9.5429;1.6358;-0.0893;-0.651;0.1736;-0.0389;-0.3758;1.0;-49.91;11.83;-29.81;67.7;-11.04;-7.49;5.0;990.9;70.799;35.957973;-83.922646;;NaN;;;1612.9032;;0 / 19;9516;2022-10-23 22:37:40:147
2.5232;-1.0594;13.2622;2.5558;1.7309;9.3082;2.9512;-0.9096;2.0618;-0.4338;0.4163;0.1654;2.0;-60.26;17.46;-23.23;60.94;-19.71;-15.25;5.0;991.02;67.628;35.957973;-83.922646;;NaN;;;1612.9032;;0 / 19;10016;2022-10-23 22:37:40:647
4.1871;-0.4119;10.6837;1.5045;2.9415;9.2334;-0.2363;-0.228;-1.326;-0.8633;-0.8861;0.3413;3.0;-31.13;16.82;-31.22;43.6;-17.45;-9.25;5.0;991.01;73.414;35.957973;-83.922646;;NaN;;;1612.9032;;0 / 19;10516;2022-10-23 22:37:41:147
0.8776;4.1907;7.3032;0.959;3.6206;9.0632;1.9586;-0.2417;-1.1739;-0.0026;0.464;-0.7725;6.0;-44.1;-3.39;-39.04;62.28;-20.58;-10.42;5.0;991.0;68.905;35.957973;-83.922646;;NaN;;;1612.9032;;0 / 19;11017;2022-10-23 22:37:41:648
0.486;3.4104;9.009;-0.3674;3.7592;9.0501;0.9038;-0.183;-0.1926;-0.0376;-0.0428;-0.6709;12.0;-47.01;-17.62;-41.12;93.69;-20.84;3.13;5.0;990.91;67.809;35.957973;-83.922646;;NaN;;;1612.9032;;0 / 19;11517;2022-10-23 22:37:42:148
0.8103;3.5779;8.0931;-0.0881;3.308;9.2314;2.2673;-0.2504;-1.8542;-0.1892;-0.6674;-1.0186;14.0;-44.47;-33.45;-36.58;109.21;-23.73;0.11;5.0;990.9;68.128;35.957973;-83.922646;;NaN;;;1612.9032;;0 / 19;12017;2022-10-23 22:37:42:648
0.1304;3.2584;8.7194;0.0182;3.3825;9.2048;0.9526;-1.2647;1.2102;0.6092;-0.2878;-1.1298;8.0;-16.63;-39.73;-24.84;150.52;-19.6;-1.14;5.0;990.91;67.434;35.957973;-83.922646;;NaN;;;1612.9032;;0 / 19;12516;2022-10-23 22:37:43:147
1.2736;3.3709;6.1337;1.7009;4.1754;8.7088;3.0322;-1.0439;3.7818;-0.1636;-0.8172;-1.0259;12.0;-10.12;-41.96;-18.3;163.39;-26.55;-3.99;5.0;990.93;71.547;35.957973;-83.922646;;NaN;;;1612.9032;;0 / 19;13017;2022-10-23 22:37:43:648
-0.2946;2.4754;5.6213;0.4705;3.9148;8.979;0.552;-2.2439;3.4458;0.5522;0.1721;-0.3523;24.0;6.68;-37.26;-14.66;195.47;-23.53;-3.0;5.0;990.98;68.737;35.957973;-83.922646;;NaN;;;1612.9032;;0 / 19;13516;2022-10-23 22:37:44:147
5.6489;-0.3903;7.6744;3.2932;3.4976;8.5494;3.4473;-4.0803;2.2198;-1.5545;-0.8083;0.4946;5.0;8.33;-28.26;-17.4;212.15;-28.65;-9.95;5.0;990.92;69.678;35.957973;-83.922646;;NaN;;;1612.9032;;0 / 19;14016;2022-10-23 22:37:44:647
0.1376;3.4128;4.2532;2.8565;4.1263;8.4252;-1.516;-2.2475;-2.4549;0.2315;-0.1412;-0.6152;3.0;4.88;-20.14;-35.87;254.65;-24.88;-18.73;5.0;990.92;67.48;35.957973;-83.922646;;NaN;;;1612.9032;;0 / 19;14516;2022-10-23 22:37:45:147
1.3525;3.8234;7.1824;1.557;4.2631;8.6932;-0.96;-2.3182;-1.2276;1.0432;0.2821;1.1201;1.0;6.34;-18.43;-41.06;250.32;-18.85;-8.11;5.0;990.83;68.616;35.957973;-83.922646;;NaN;;;1612.9032;;0 / 19;15017;2022-10-23 22:37:45:648
6.5659;2.7843;11.5648;2.192;2.8649;9.1191;0.1245;0.5132;-2.6298;-1.8676;-0.9848;0.3235;1.0;5.72;-20.49;-41.91;244.08;-16.99;-13.52;5.0;990.81;69.676;35.957973;-83.922646;;NaN;;;1612.9032;;0 / 19;15517;2022-10-23 22:37:46:148
-1.1013;5.394;7.29;1.7339;4.0101;8.7797;-1.8911;-0.974;-1.061;-0.0247;-0.0483;0.2305;1.0;0.98;-4.2;-48.69;313.84;-18.47;-12.7;5.0;990.81;64.713;35.957973;-83.922646;;NaN;;;1612.9032;;0 / 19;16016;2022-10-23 22:37:46:647
0.6906;2.9172;6.8925;1.6288;3.331;9.0787;-1.9016;-0.742;-1.7901;-0.11;0.1429;0.0485;1.0;7.93;14.38;-53.49;330.02;-19.8;-10.47;5.0;990.77;57.487;35.957973;-83.922646;;NaN;;;1612.9032;;0 / 19;16519;2022-10-23 22:37:47:150
2.9674;4.4327;8.1772;0.8357;3.7317;9.0303;2.2885;-0.4785;3.1565;-0.0399;0.0599;-0.3405;2.0;16.61;15.24;-59.96;322.92;-25.07;-10.95;5.0;990.76;69.937;35.957973;-83.922646;;NaN;;;1612.9032;;0 / 19;17016;2022-10-23 22:37:47:647
-0.1627;3.4893;9.2761;-0.6713;4.5532;8.6596;-0.4964;-0.7479;0.708;0.1411;0.1224;-0.4696;2.0;22.8;13.11;-53.06;328.84;-26.94;1.42;5.0;990.79;68.075;35.957973;-83.922646;;NaN;;;1612.9032;;0 / 19;17518;2022-10-23 22:37:48:149
-0.6248;3.7672;9.3012;-0.4541;5.0464;8.3963;0.9341;-0.195;1.25;-0.1193;-1.5316;-1.0115;4.0;11.61;4.78;-44.02;342.49;-30.73;4.42;5.0;990.76;66.85;35.957973;-83.922646;;NaN;;;1612.9032;;0 / 19;18017;2022-10-23 22:37:48:648
0.9111;5.4299;8.7517;-0.805;5.1678;8.2955;0.1319;0.0955;0.6283;-0.1912;-0.6095;-0.407;5.0;-15.49;-10.07;-30.22;74.05;-28.64;4.67;5.0;990.73;67.78;35.957973;-83.922646;;NaN;;;1612.9032;;0 / 19;18517;2022-10-23 22:37:49:148
0.833;4.0448;10.4623;-0.469;4.8254;8.5244;0.221;-0.0565;-0.9245;-0.1397;-0.5016;-0.7226;3.0;-16.11;-19.59;-22.14;111.89;-29.74;3.03;5.0;990.73;71.872;35.957973;-83.922646;;NaN;;;1612.9032;;0 / 19;19017;2022-10-23 22:37:49:648
-0.9661;3.4558;11.1254;-0.6665;4.3101;8.7835;0.2356;-0.2819;0.485;-0.14;-0.5191;-0.6646;4.0;-3.41;-15.02;-8.98;159.12;-26.07;4.34;5.0;990.79;71.173;35.957973;-83.922646;;NaN;;;1612.9032;;0 / 19;19516;2022-10-23 22:37:50:147
-0.7169;3.9012;7.812;0.1497;3.9032;8.9952;1.2293;-1.6344;3.4239;-0.1107;-1.3672;-1.0994;9.0;-11.53;1.5;-7.13;71.71;-24.57;6.04;5.0;990.75;58.03;35.957973;-83.922646;;NaN;;;1612.9032;;0 / 19;20017;2022-10-23 22:37:50:648
0.0479;3.4738;10.1916;0.3872;3.7555;9.0508;1.4956;1.6081;3.5499;-0.1687;0.284;-0.2828;5.0;-33.23;-8.38;11.23;108.3;-22.52;-2.45;5.0;990.75;41.529;35.957973;-83.922646;;NaN;;;1612.9032;;0 / 19;20518;2022-10-23 22:37:51:149
-0.0323;9.0461;14.4257;0.9285;4.1293;8.8463;-0.3572;1.2008;-0.772;0.4174;-0.9752;0.0449;0.0;-30.06;-23.96;12.34;131.21;-23.66;-1.36;5.0;990.72;71.668;35.957973;-83.922646;;NaN;;;1612.9032;;0 / 19;21017;2022-10-23 22:37:51:648
1.9944;2.7437;7.5604;1.2505;2.5107;9.397;-0.1203;-1.0193;-2.7112;0.5826;0.0597;-0.1849;0.0;-8.92;-25.33;0.41;159.5;-14.83;-7.58;5.0;990.71;67.163;35.957973;-83.922646;;NaN;;;1612.9032;;0 / 19;21517;2022-10-23 22:37:52:148
0.0514;0.3532;12.1119;-0.0532;3.2016;9.2692;2.2304;-1.1877;7.7616;1.4028;0.5309;0.4821;0.0;0.9;-19.69;-1.88;183.36;-21.86;-1.36;5.0;990.67;52.46;35.957973;-83.922646;;NaN;;;1612.9032;;0 / 19;22017;2022-10-23 22:37:52:648
-3.6631;9.1155;14.0677;-1.2874;4.8101;8.4484;-1.1315;3.579;2.7321;0.3292;-0.2156;-0.4777;0.0;-7.01;-10.59;-1.89;142.89;-26.37;11.21;5.0;990.67;71.106;35.957973;-83.922646;;NaN;;;1612.9032;;0 / 19;22516;2022-10-23 22:37:53:147
0.3329;3.7995;7.788;0.133;4.1936;8.8638;0.1525;-0.3512;-1.8813;-0.5751;-0.5079;-0.9614;0.0;-14.91;-17.59;-3.77;132.81;-29.05;1.56;5.0;990.64;69.344;35.957973;-83.922646;;NaN;;;1612.9032;;0 / 19;23017;2022-10-23 22:37:53:648
-2.3186;-2.5041;10.4671;0.6744;2.4952;9.4599;2.0466;1.3086;2.9554;-0.4894;-0.8983;0.4279;0.0;-14.34;-33.36;-11.47;153.4;-21.26;-3.8;5.0;990.68;69.042;35.957973;-83.922646;;NaN;;;1612.9032;;0 / 19;23516;2022-10-23 22:37:54:147
-2.3797;6.8578;7.9161;-0.6294;2.8803;9.353;0.8461;-0.1976;-2.2829;0.3735;0.316;0.3402;1.0;-16.93;-34.11;-20.46;148.46;-15.26;-0.33;5.0;990.55;67.482;35.957973;-83.922646;;NaN;;;1612.9032;;0 / 19;24016;2022-10-23 22:37:54:647
3.2022;1.7895;8.4332;1.0902;2.6101;9.3899;1.6846;-1.481;0.9404;-0.2578;0.2267;-0.4679;3.0;-22.52;-15.28;-24.28;108.04;-17.16;-7.07;5.0;990.58;64.967;35.957973;-83.922646;;NaN;;;1612.9032;;0 / 19;24517;2022-10-23 22:37:55:148
1.1228;-1.1791;8.4727;-6.4904;1.0262;7.2795;-0.9702;-0.2278;8.2303;1.7399;4.1756;0.4222;7.0;-15.24;-3.69;-29.46;82.93;-11.48;-0.07;5.0;990.53;70.51;35.957973;-83.922646;;NaN;;;1612.9032;;0 / 19;25016;2022-10-23 22:37:55:647
-3.3111;1.8888;8.3818;-3.2912;1.8175;9.0573;-0.1987;0.8877;-0.4335;0.3764;-0.0189;-0.9463;5.0;18.73;-6.98;-30.86;267.82;-10.68;19.97;5.0;990.49;71.804;35.957973;-83.922646;;NaN;;;1612.9032;;0 / 19;25516;2022-10-23 22:37:56:147
-2.2481;0.0814;9.1274;-2.1995;1.8052;9.3848;0.2425;-0.9648;0.5798;0.063;-0.8989;-1.7285;4.0;4.39;-12.73;-37.87;106.07;-14.66;23.83;5.0;990.52;59.777;35.957973;-83.922646;;NaN;;;1612.9032;;0 / 19;26017;2022-10-23 22:37:56:648
-3.4331;1.1815;9.8399;-3.1628;1.8037;9.1057;0.6357;-0.002;1.4077;-0.5947;-0.0757;-1.0908;4.0;10.73;-25.13;-29.27;182.66;-10.6;19.15;5.0;990.46;69.518;35.957973;-83.922646;;NaN;;;1612.9032;;0 / 19;26517;2022-10-23 22:37:57:148
-1.7859;2.1464;8.0381;-2.3643;1.3185;9.4256;-0.1783;-2.297;1.2486;0.2581;-0.24;-1.1579;4.0;21.54;-34.44;-17.08;208.77;-7.26;14.63;5.0;990.48;70.001;35.957973;-83.922646;;NaN;;;1612.9032;;0 / 19;27016;2022-10-23 22:37:57:647
-0.1125;1.5467;12.0565;-0.8242;3.0058;9.2982;0.3528;0.7356;0.1354;-0.0369;0.2869;0.2729;7.0;39.36;-28.5;-9.02;237.98;-17.85;5.07;5.0;990.54;59.648;35.957973;-83.922646;;NaN;;;1612.9032;;0 / 19;27517;2022-10-23 22:37:58:148
-2.2253;2.7556;8.4248;-1.8378;2.9516;9.1696;0.5087;-0.6018;-0.3417;0.3726;0.037;-0.1196;3.0;39.32;-27.38;-4.82;238.54;-15.46;8.77;5.0;990.43;71.376;35.957973;-83.922646;;NaN;;;1612.9032;;0 / 19;28018;2022-10-23 22:37:58:649
-0.3209;3.2943;8.0142;-1.7132;2.5751;9.3061;2.6934;0.8184;-0.3467;-0.2863;-0.0131;-1.0453;2.0;36.36;-19.01;-6.73;246.5;-16.5;5.15;5.0;990.47;65.531;35.957973;-83.922646;;NaN;;;1612.9032;;0 / 19;28517;2022-10-23 22:37:59:148
-1.3286;1.7979;7.7797;-2.6228;2.8184;9.0193;-0.5241;-1.84;1.7427;0.626;-0.035;0.5475;1.0;37.5;-8.94;-11.08;264.0;-14.62;14.87;5.0;990.49;70.59;35.957973;-83.922646;;NaN;;;1612.9032;;0 / 19;29016;2022-10-23 22:37:59:647
-1.209;2.3545;9.2267;-0.2775;3.0108;9.3289;-0.8573;-0.9561;1.3038;-0.155;-0.9368;-0.0399;1.0;30.58;-4.63;-12.49;271.23;-17.83;10.65;5.0;990.45;68.451;35.957973;-83.922646;;NaN;;;1612.9032;;0 / 19;29517;2022-10-23 22:38:00:148
-0.0383;4.8123;9.7092;0.5578;3.2941;9.22;0.6708;0.7894;-0.8841;0.3223;-0.1338;0.0263;1.0;23.55;-2.83;-18.39;275.45;-18.0;-2.61;5.0;990.44;69.304;35.957973;-83.922646;;NaN;;;1612.9032;;0 / 19;30016;2022-10-23 22:38:00:647
-1.561;3.0368;7.0472;-1.5692;3.5538;9.0044;0.4231;-0.79;-0.7544;-0.1295;0.7116;0.6398;1.0;20.87;-0.64;-17.53;285.9;-18.91;5.26;5.0;990.35;68.03;35.957973;-83.922646;;NaN;;;1612.9032;;0 / 19;30517;2022-10-23 22:38:01:148
-0.3903;2.5101;7.5209;-1.1775;2.7175;9.3487;-0.2729;-1.2559;-0.091;0.0523;0.1468;-0.1671;1.0;22.54;-1.57;-12.15;276.41;-17.18;6.75;5.0;990.41;67.382;35.957973;-83.922646;;NaN;;;1612.9032;;0 / 19;31017;2022-10-23 22:38:01:648
-2.8513;1.4581;8.5983;-2.5706;1.8334;9.2844;-1.0977;-0.4114;0.7046;0.0431;-0.0694;0.6673;1.0;18.98;3.66;-11.89;294.98;-10.78;15.48;5.0;990.41;68.883;35.957973;-83.922646;;NaN;;;1612.9032;;0 / 19;31516;2022-10-23 22:38:02:147
1.0774;0.3054;12.2865;-0.276;1.338;9.711;0.9052;1.1012;1.8201;-0.1046;-0.4707;0.5373;1.0;16.24;4.26;-11.96;295.75;-10.66;9.79;5.0;990.37;71.812;35.957973;-83.922646;;NaN;;;1612.9032;;0 / 19;32016;2022-10-23 22:38:02:647
-1.5419;-0.0347;11.275;0.1167;0.9699;9.7579;-0.7945;1.7801;0.1929;-0.1377;-0.1478;-0.6316;2.0;4.33;5.44;-16.5;330.41;-7.14;0.19;5.0;990.31;66.892;35.957973;-83.922646;;NaN;;;1612.9032;;0 / 19;32516;2022-10-23 22:38:03:147
0.7469;1.9606;10.57;-1.0149;1.5027;9.6375;-0.1424;-0.5225;-1.6092;0.3431;0.0207;0.3026;3.0;0.43;4.11;-21.81;12.21;-9.2;4.21;5.0;990.36;65.074;35.957973;-83.922646;;NaN;;;1612.9032;;0 / 19;33017;2022-10-23 22:38:03:648
1.2604;2.01;10.4898;0.5757;1.0231;9.7361;-0.6378;-0.3141;-1.8117;-0.1859;-0.6125;-0.6121;3.0;1.78;-0.79;-28.97;328.58;-6.68;1.07;5.0;990.32;56.168;35.957973;-83.922646;;NaN;;;1612.9032;;0 / 19;33517;2022-10-23 22:38:04:148
-1.3274;0.6488;8.2418;-0.2098;1.6289;9.6682;0.7629;-2.1088;-0.2643;0.13;0.2757;0.1794;4.0;6.41;-1.89;-32.04;284.49;-6.68;-1.18;5.0;990.31;70.086;35.957973;-83.922646;;NaN;;;1612.9032;;0 / 19;34016;2022-10-23 22:38:04:647
2.0913;2.4873;12.3045;-0.3459;1.9305;9.6085;-0.2664;2.159;-0.8297;-0.5417;0.1083;-0.2878;4.0;18.39;-14.31;-36.0;248.68;-11.35;2.06;5.0;990.31;61.57;35.957973;-83.922646;;NaN;;;1612.9032;;0 / 19;34517;2022-10-23 22:38:05:148
1.5407;0.8824;8.2549;-0.0895;1.1028;9.744;2.1503;0.0207;-1.2004;0.0547;0.0866;-1.5131;8.0;18.86;-12.47;-39.45;247.85;-5.52;-1.89;5.0;990.3;69.075;35.957973;-83.922646;;NaN;;;1612.9032;;0 / 19;35016;2022-10-23 22:38:05:647
-0.0849;0.3772;13.9505;-0.4723;2.3435;9.5108;-1.1765;0.8221;0.2627;0.1728;0.0493;-0.5732;11.0;23.4;0.9;-39.94;297.21;-13.83;2.84;5.0;990.29;66.062;35.957973;-83.922646;;NaN;;;1612.9032;;0 / 19;35517;2022-10-23 22:38:06:148
-0.1101;4.6576;8.007;-0.5989;4.3225;8.7822;0.1767;0.0554;-0.8343;0.512;0.1293;-0.6317;11.0;24.26;-0.37;-39.09;303.27;-22.41;1.45;5.0;990.27;67.784;35.957973;-83.922646;;NaN;;;1612.9032;;0 / 19;36016;2022-10-23 22:38:06:647
0.2656;4.5009;8.4224;-0.8685;3.8162;8.9918;0.639;-0.8216;0.0482;-0.3663;-0.3321;-0.7668;12.0;23.06;-1.42;-39.51;309.02;-22.9;5.52;5.0;990.29;69.997;35.957973;-83.922646;;NaN;;;1612.9032;;0 / 19;36517;2022-10-23 22:38:07:148
-1.6376;3.6667;6.8363;-1.9621;2.5839;9.2544;0.6712;-0.9861;0.2053;-0.3722;0.92;0.128;13.0;19.99;0.99;-35.87;307.92;-18.5;5.32;5.0;990.28;71.033;35.957973;-83.922646;;NaN;;;1612.9032;;0 / 19;37016;2022-10-23 22:38:07:647
-1.4856;0.1292;9.2112;-1.0852;-0.0631;9.7462;0.0083;0.7091;-0.9143;0.2256;-0.4698;-1.0187;5.0;10.99;4.31;-34.86;307.2;0.59;9.97;5.0;990.24;67.558;35.957973;-83.922646;;NaN;;;1612.9032;;0 / 19;37516;2022-10-23 22:38:08:147
-1.2604;-0.4143;8.3148;-2.0595;-0.3301;9.5823;-1.0512;-1.1259;3.549;-0.5309;-0.1187;0.3325;2.0;8.25;4.37;-38.83;359.66;0.15;11.56;5.0;990.3;68.37;35.957973;-83.922646;;NaN;;;1612.9032;;0 / 19;38016;2022-10-23 22:38:08:647
-1.8458;-2.1212;10.3089;-2.4794;-0.0636;9.4878;1.1244;-1.6332;2.967;0.1997;0.3156;-1.1985;2.0;22.13;-3.81;-42.28;251.99;-0.27;13.44;5.0;990.27;57.784;35.957973;-83.922646;;NaN;;;1612.9032;;0 / 19;38517;2022-10-23 22:38:09:148
-1.7441;0.2584;8.6067;-2.2323;-0.4264;9.5397;-4.6522;3.8529;-2.6931;0.1841;0.5138;2.1222;2.0;24.28;-0.26;-40.97;275.47;-1.92;11.09;5.0;990.3;69.298;35.957973;-83.922646;;NaN;;;1612.9032;;0 / 19;39017;2022-10-23 22:38:09:648
-3.457;-3.4989;9.7056;-3.5947;-1.7686;8.951;1.9831;0.2672;4.2299;-1.7943;0.5259;-1.2792;2.0;21.45;1.78;-36.21;300.33;-4.08;18.67;5.0;990.2;69.603;35.957973;-83.922646;;NaN;;;1612.9032;;0 / 19;39517;2022-10-23 22:38:10:148
-4.5093;-1.8386;14.4485;-3.359;-0.1736;9.2118;-0.775;-0.0445;-1.113;-0.3486;-0.87;-0.0314;3.0;16.56;7.95;-34.86;339.61;3.44;22.81;5.0;990.21;68.767;35.957973;-83.922646;;NaN;;;1612.9032;;0 / 19;40016;2022-10-23 22:38:10:647
-2.461;1.6591;10.0038;-3.1339;1.1586;9.2199;0.5988;0.1747;-1.4087;-0.1897;0.4793;0.3512;3.0;3.53;1.63;-42.36;54.91;-6.79;18.77;5.0;990.17;66.142;35.957973;-83.922646;;NaN;;;1612.9032;;0 / 19;40516;2022-10-23 22:38:11:147
-3.9263;3.268;8.5313;-1.2502;2.3543;9.4374;-1.6237;-0.1691;0.5816;1.2283;0.5406;-0.5884;3.0;-4.99;0.0;-42.92;102.42;1.91;1.97;5.0;990.19;58.887;35.957973;-83.922646;;NaN;;;1612.9032;;0 / 19;41017;2022-10-23 22:38:11:648
2.3103;1.8733;11.3575;-2.5625;3.766;8.6846;0.8265;-1.3526;-1.5177;0.0136;0.8371;0.2903;2.0;-4.71;-15.86;-40.97;90.75;-22.58;16.44;5.0;990.11;63.052;35.957973;-83.922646;;NaN;;;1612.9032;;0 / 19;41516;2022-10-23 22:38:12:147
-1.4545;3.0356;9.4005;-1.6673;0.6085;9.6447;-0.4452;-0.1068;-1.6069;-0.6861;1.3159;0.181;2.0;-1.24;-13.99;-42.34;166.62;-8.31;1.16;5.0;990.14;72.138;35.957973;-83.922646;;NaN;;;1612.9032;;0 / 19;42017;2022-10-23 22:38:12:648
-0.9661;0.4729;7.5365;-2.1114;0.7358;9.5483;0.8886;-1.9541;1.8201;0.2785;-0.1369;0.6761;3.0;4.56;1.09;-45.41;47.85;-4.3;12.47;5.0;990.11;69.285;35.95837;-83.92437;778.71;NaN;;;119.032265;;0 / 19;42517;2022-10-23 22:38:13:148
1.7512;0.0012;15.7376;0.8646;1.5503;9.6447;0.5128;1.4055;1.7101;-0.5258;-1.5821;-0.8995;4.0;6.19;0.83;-48.17;341.63;-9.86;3.48;5.0;990.16;67.571;35.95837;-83.92437;778.71;NaN;;;119.032265;;0 / 19;43017;2022-10-23 22:38:13:648
-0.073;3.7552;7.2266;-0.068;3.1736;9.2787;1.4077;0.6823;-2.5803;-0.2223;0.4692;-0.8783;4.0;-9.04;-1.57;-52.18;20.34;-18.77;-3.77;5.0;990.1;66.752;35.95837;-83.92437;778.71;NaN;;;119.032265;;0 / 19;43517;2022-10-23 22:38:14:148
-0.3532;3.8055;7.8538;-0.6866;3.5613;9.1113;1.2485;-0.1703;1.8792;-0.0738;0.3346;-0.4097;4.0;-4.91;-8.51;-51.21;31.29;-22.18;1.8;5.0;990.01;68.678;35.95837;-83.92437;778.71;NaN;;;119.032265;;0 / 19;44016;2022-10-23 22:38:14:647
0.0538;3.2752;8.4571;0.1804;3.5372;9.1447;1.8576;-0.6683;1.9514;-0.2523;-0.0969;-0.9947;4.0;-3.58;-12.62;-44.55;30.32;-23.11;-0.83;5.0;990.08;68.218;35.95837;-83.92437;778.71;NaN;;;119.032265;;0 / 19;44516;2022-10-23 22:38:15:147
1.2927;2.5917;11.3157;0.4874;2.9825;9.3294;1.695;2.0366;-0.6302;-0.6227;-0.4713;-0.9809;7.0;-10.07;-11.62;-41.72;68.93;-20.32;-1.54;5.0;990.19;70.742;35.95837;-83.92437;778.71;NaN;;;119.032265;;0 / 19;45016;2022-10-23 22:38:15:647
-2.5762;3.0236;9.4986;-0.9724;1.5892;9.628;0.5151;1.318;-1.5546;-0.1903;0.5107;0.0743;7.0;-16.78;-10.54;-39.62;102.13;-10.1;1.68;5.0;990.03;67.125;35.95837;-83.92437;778.71;NaN;;;119.032265;;0 / 19;45517;2022-10-23 22:38:16:148
2.5642;1.6831;8.0429;-0.0453;2.4734;9.4895;3.2828;-3.2611;0.1597;-0.1847;-0.8894;-1.8619;5.0;-27.66;-8.48;-49.03;89.73;-9.6;1.71;5.0;990.08;66.163;35.95837;-83.92437;778.71;NaN;;;119.032265;;0 / 19;46017;2022-10-23 22:38:16:648
-0.492;4.5045;8.6856;-0.7727;4.0492;8.8982;0.228;-1.0;0.3765;0.7379;0.2876;-0.3229;9.0;-9.96;-30.69;-50.87;117.9;-24.39;4.96;5.0;989.99;66.284;35.95837;-83.92437;778.71;NaN;;;119.032265;;0 / 19;46517;2022-10-23 22:38:17:148
-1.2688;5.4024;7.4791;-1.1402;4.5398;8.6175;-0.3374;0.5232;-0.9515;0.2282;-0.4988;-0.5349;12.0;6.39;-30.73;-34.95;179.4;-25.19;9.95;5.0;990.01;67.903;35.95837;-83.92437;778.71;NaN;;;119.032265;;0 / 19;47016;2022-10-23 22:38:17:647
-0.8378;3.0969;8.9408;-0.0983;2.9514;9.3515;-1.5803;-0.9383;0.1081;-0.0912;-0.7371;-1.1206;12.0;14.55;-27.11;-28.13;220.41;-17.52;0.6;5.0;990.04;68.362;35.95837;-83.92437;778.71;NaN;;;119.032265;;0 / 19;47517;2022-10-23 22:38:18:148
-0.6595;-0.4813;11.84;-2.3988;1.4994;9.3898;1.9611;-1.8579;5.0609;0.0796;1.0048;-0.0015;2.0;20.76;-19.12;-32.06;232.43;-9.71;7.23;5.0;990.0;71.593;35.95837;-83.92437;778.71;NaN;;;119.032265;;0 / 19;48017;2022-10-23 22:38:18:648
-6.3179;5.0049;14.2962;-4.9193;1.1378;8.4069;-0.0355;0.1142;-1.383;1.3244;-0.7121;-0.3085;2.0;33.47;-9.43;-27.09;253.84;-6.66;30.33;5.0;990.02;57.195;35.95837;-83.92437;778.71;NaN;;;119.032265;;0 / 19;48517;2022-10-23 22:38:19:148
-1.8338;0.8342;6.2928;-3.0426;2.0557;9.0933;1.7509;-1.6129;-2.2075;0.1865;-0.3207;-0.8379;2.0;32.1;-11.94;-29.42;262.06;-13.42;20.23;5.0;989.96;74.238;35.95837;-83.92437;778.71;NaN;;;119.032265;;0 / 19;49017;2022-10-23 22:38:19:648
-4.6421;-2.4742;11.4664;-3.4495;0.8545;9.1401;0.6754;1.9614;2.376;-1.3631;0.0839;-1.0268;2.0;23.06;-17.93;-32.36;234.87;-14.19;18.45;5.0;990.03;67.522;35.95837;-83.92437;778.71;NaN;;;119.032265;;0 / 19;49517;2022-10-23 22:38:20:148
-4.5284;2.3378;7.9436;-4.6588;2.0991;8.3702;1.4794;-0.0175;-0.656;0.1875;0.4629;0.0691;1.0;14.72;-20.44;-29.59;181.45;-10.56;25.98;5.0;989.9;66.21;35.95837;-83.92437;778.71;NaN;;;119.032265;;0 / 19;50017;2022-10-23 22:38:20:648
-2.1559;0.7098;7.6493;-2.8638;1.6751;9.2284;0.3629;-1.2643;-1.7188;0.1387;0.0566;-0.3281;1.0;-0.22;-19.22;-22.76;156.3;-9.79;16.61;5.0;989.87;65.65;35.95837;-83.92437;778.71;NaN;;;119.032265;;0 / 19;50518;2022-10-23 22:38:21:149
-3.4343;6.4762;7.8562;-3.3648;2.6626;8.8181;-0.7484;1.1564;-0.0649;-1.1188;-0.3938;0.0969;1.0;-7.11;-17.61;-18.04;139.01;-12.02;19.71;5.0;989.91;62.942;35.95837;-83.92437;778.71;NaN;;;119.032265;;0 / 19;51016;2022-10-23 22:38:21:647
-1.5502;2.3809;6.0894;-3.3715;1.5975;9.0693;-0.5834;-1.0344;-2.6951;-0.2502;-0.2223;0.5259;1.0;-5.91;-16.29;-14.59;141.83;-8.66;21.3;5.0;989.84;66.314;35.95837;-83.92437;778.71;NaN;;;119.032265;;0 / 19;51518;2022-10-23 22:38:22:149
-6.7095;0.1699;13.3735;-4.03;1.2906;8.8467;-1.3411;1.8386;2.6994;0.3378;-0.2262;-0.1755;4.0;4.29;-17.31;-17.19;160.74;-5.43;31.13;5.0;989.84;72.089;35.95837;-83.92437;778.71;NaN;;;119.032265;;0 / 19;52017;2022-10-23 22:38:22:648
-2.3019;3.5922;6.987;-3.8494;3.2631;8.4086;1.3254;-1.3652;-0.1619;0.4349;0.3263;0.714;5.0;12.64;-38.21;-21.53;185.56;-19.44;24.6;5.0;989.82;69.783;35.95837;-83.92437;778.71;NaN;;;119.032265;;0 / 19;52517;2022-10-23 22:38:23:148
-1.6711;4.5835;11.1434;-1.6678;5.4229;7.9988;0.8231;1.1237;0.6659;0.3327;-1.1907;-0.3002;3.0;13.31;-48.62;-12.77;190.44;-25.01;23.12;5.0;989.81;61.513;35.95837;-83.92437;778.71;NaN;;;119.032265;;0 / 19;53016;2022-10-23 22:38:23:647
-4.0448;6.2019;20.2732;-1.7557;5.2516;8.0937;0.6425;0.3792;-1.9636;0.4561;-0.5059;-0.2584;3.0;39.51;-48.15;3.79;226.36;-32.38;12.24;5.0;989.77;55.738;35.95837;-83.92437;778.71;NaN;;;119.032265;;0 / 19;53517;2022-10-23 22:38:24:148
-0.4059;7.6708;6.2127;-1.1813;6.8554;6.9122;3.3987;-0.2132;-0.1505;0.6541;-0.9923;-0.3724;6.0;59.14;-32.01;-1.05;254.93;-40.91;12.04;5.0;989.78;72.057;35.95837;-83.92437;778.71;NaN;;;119.032265;;0 / 19;54017;2022-10-23 22:38:24:648
1.2712;6.6867;6.7382;-2.424;5.7048;7.5993;-0.4366;-2.004;1.6819;0.2033;-0.8434;-0.8152;7.0;54.81;-15.26;-12.32;274.89;-35.57;17.69;5.0;989.76;72.05;35.95837;-83.92437;778.71;NaN;;;119.032265;;0 / 19;54517;2022-10-23 22:38:25:148
1.325;4.5679;7.8861;-1.4606;5.2683;8.1414;2.9715;-0.8718;2.2686;0.7112;-0.8889;-0.6431;8.0;43.44;-5.44;-22.82;278.31;-29.07;12.7;5.0;989.83;70.278;35.95837;-83.92437;778.71;NaN;;;119.032265;;0 / 19;55017;2022-10-23 22:38:25:648
-1.0726;4.9295;9.1789;-0.8895;4.2858;8.7756;-1.027;0.0486;0.5029;0.6322;-0.5384;-0.72;2.0;19.44;-1.42;-28.37;303.44;-22.96;5.63;5.0;989.82;56.941;35.95837;-83.92437;778.71;NaN;;;119.032265;;0 / 19;55516;2022-10-23 22:38:26:147
-0.0718;1.7847;9.9476;0.2033;3.6843;9.086;1.4925;-1.3941;-1.9096;-0.2051;-0.7988;-1.1262;1.0;3.28;-4.76;-23.62;331.93;-24.18;0.44;5.0;989.74;71.49;35.95837;-83.92437;778.71;NaN;;;119.032265;;0 / 19;56017;2022-10-23 22:38:26:648
-1.6807;2.91;7.0508;-1.9486;4.0036;8.7375;1.6155;-0.8073;-0.7318;0.7637;0.8165;0.0206;1.0;7.88;-4.84;-17.93;280.12;-17.58;8.17;5.0;989.78;66.157;35.95837;-83.92437;778.71;NaN;;;119.032265;;0 / 19;56517;2022-10-23 22:38:27:148
0.5686;3.5049;8.1266;-0.4223;4.6312;8.6339;0.2486;-0.6011;2.6532;-0.065;-0.8054;-1.1667;1.0;12.79;-5.04;-15.28;289.69;-28.92;8.92;5.0;989.65;66.554;35.95837;-83.92437;778.71;NaN;;;119.032265;;0 / 19;57016;2022-10-23 22:38:27:647
-0.6368;2.5834;6.5037;1.06;4.9488;8.3998;-0.4283;-1.1259;3.9419;2.0103;0.054;0.3704;0.0;0.54;-8.76;-17.47;223.74;-18.73;-6.8;5.0;989.74;65.704;35.95837;-83.92437;778.71;NaN;;;119.032265;;0 / 19;57517;2022-10-23 22:38:28:148
3.3051;5.1473;10.066;0.6517;6.057;7.6849;-0.2615;0.2702;-0.5935;-0.9441;-0.8855;-0.2341;0.0;-6.51;-14.27;-12.94;102.45;-42.18;-3.85;5.0;989.73;57.864;35.95837;-83.92437;778.71;NaN;;;119.032265;;0 / 19;58017;2022-10-23 22:38:28:648
4.3992;5.2573;13.2491;3.4169;4.4614;8.0369;-3.1595;2.6047;0.0841;-0.4263;0.2111;0.1749;0.0;-13.31;-9.66;-8.79;108.49;-27.06;-23.03;5.0;989.67;72.037;35.95837;-83.92437;778.71;NaN;;;119.032265;;0 / 19;58517;2022-10-23 22:38:29:148
0.947;3.2237;7.3128;1.0097;4.9626;8.3978;0.5146;-1.5416;2.0216;0.8178;0.8844;0.1206;0.0;-9.64;2.4;-5.96;48.84;-33.6;-18.77;5.0;989.68;59.181;35.95837;-83.92437;778.71;NaN;;;119.032265;;0 / 19;59016;2022-10-23 22:38:29:647
1.9104;3.2692;9.7594;2.0997;2.2298;9.3161;1.3231;0.9618;-1.5294;0.0703;-0.0953;-0.1683;0.0;9.02;10.86;-7.33;318.87;-13.14;-12.7;5.0;989.69;52.124;35.95837;-83.92437;778.71;NaN;;;119.032265;;0 / 19;59516;2022-10-23 22:38:30:147
-0.1388;2.26;8.2573;0.0547;2.4632;9.4921;0.1911;-0.7605;-0.1699;0.0428;0.4183;0.6005;1.0;11.74;10.28;-6.67;312.37;-14.48;-3.04;5.0;989.62;54.651;35.95837;-83.92437;778.71;NaN;;;119.032265;;0 / 19;60017;2022-10-23 22:38:30:648
0.1232;1.0187;9.0341;1.19;2.6552;9.365;0.58;0.2555;1.7099;0.4948;0.0509;-0.4637;1.0;15.21;7.65;-5.92;299.37;-15.71;-7.24;5.0;989.62;59.115;35.95837;-83.92437;778.71;NaN;;;119.032265;;0 / 19;60517;2022-10-23 22:38:31:148
0.2142;5.2621;9.1023;0.6932;3.8994;8.9713;-0.4282;1.0458;-0.2729;-0.1384;0.1135;-0.1648;1.0;7.61;7.31;-11.25;319.47;-24.62;-5.71;5.0;989.63;69.078;35.95837;-83.92437;778.71;NaN;;;119.032265;;0 / 19;61017;2022-10-23 22:38:31:648
-1.4079;4.7521;7.6325;-0.7685;4.5131;8.6725;-0.9087;-0.3386;-1.398;0.0355;0.0751;-0.0192;1.0;-4.67;4.97;-13.01;30.6;-26.68;4.4;5.0;989.56;67.388;35.95837;-83.92437;778.71;NaN;;;119.032265;;0 / 19;61516;2022-10-23 22:38:32:147
1.3131;4.7091;9.3515;-0.1937;5.2575;8.276;-0.4051;1.1466;0.2314;0.2175;-0.4433;-0.282;1.0;-9.53;4.44;-13.05;46.65;-31.88;2.69;5.0;989.59;65.516;35.95837;-83.92437;778.71;NaN;;;119.032265;;0 / 19;62017;2022-10-23 22:38:32:648
1.1157;6.0069;8.8534;0.0387;4.8901;8.5003;0.6549;1.1023;-1.1106;-0.2724;-0.0673;-0.2709;1.0;-18.43;7.54;-6.07;60.84;-30.66;-0.47;5.0;989.57;68.836;35.95837;-83.92437;778.71;NaN;;;119.032265;;0 / 19;62517;2022-10-23 22:38:33:148
-0.0586;4.7509;9.1406;-0.4141;3.9387;8.9714;0.0652;-1.1317;-0.2939;0.0477;-0.3022;-0.7952;4.0;-28.5;7.39;-1.44;77.73;-23.05;2.62;5.0;989.57;69.22;35.95837;-83.92437;778.71;NaN;;;119.032265;;0 / 19;63016;2022-10-23 22:38:33:647
1.3131;3.7385;8.1461;-0.5086;4.6402;8.6244;1.5499;-2.4946;0.7189;0.1205;-0.4212;-0.9343;4.0;-46.16;-11.25;9.94;108.74;-28.66;2.58;5.0;989.58;68.934;35.95837;-83.92437;778.71;NaN;;;119.032265;;0 / 19;63517;2022-10-23 22:38:34:148
-0.8318;4.6696;10.6956;-0.6086;4.5384;8.6719;0.1856;0.7142;-0.0659;-0.1588;0.2177;-0.1723;3.0;-36.54;-38.64;21.06;141.62;-28.44;3.09;5.0;989.55;64.082;35.95837;-83.92437;778.71;NaN;;;119.032265;;0 / 19;64016;2022-10-23 22:38:34:647
-2.1775;5.0539;7.1333;-2.2475;4.6224;8.3518;0.018;-0.5872;-0.9346;0.3095;-0.139;-0.344;2.0;-3.9;-49.43;19.76;181.45;-28.12;15.06;5.0;989.55;69.937;35.95837;-83.92437;778.71;NaN;;;119.032265;;0 / 19;64517;2022-10-23 22:38:35:148
0.9015;-0.2752;16.1746;0.0513;2.6827;9.4325;-1.6291;3.329;-0.6974;-1.7051;-1.6298;-0.7339;4.0;7.99;-44.93;16.73;194.29;-26.41;14.14;5.0;989.57;69.673;35.95837;-83.92437;778.71;NaN;;;119.032265;;0 / 19;65016;2022-10-23 22:38:35:647
2.4969;3.3805;8.1832;0.9651;2.9786;9.2934;1.5482;0.1202;-1.0314;0.1289;-0.1368;-0.8443;5.0;25.44;-32.76;-9.47;221.16;-17.68;-5.93;5.0;989.54;60.492;35.95837;-83.92437;778.71;NaN;;;119.032265;;0 / 19;65516;2022-10-23 22:38:36:147
-0.7624;4.0962;8.8152;0.0113;3.5789;9.1303;-0.1667;1.0178;1.0618;-0.2479;-0.1929;-0.6362;4.0;28.03;-28.14;-17.74;235.53;-21.93;-0.94;5.0;989.56;68.966;35.95837;-83.92437;778.71;NaN;;;119.032265;;0 / 19;66016;2022-10-23 22:38:36:647
-2.254;5.6309;8.9216;-0.2235;3.824;9.0276;-1.4005;0.8124;-0.7181;0.2773;-0.0665;-0.0492;3.0;34.16;-16.56;-29.76;263.77;-22.95;1.42;5.0;989.53;39.642;35.95837;-83.92437;778.71;NaN;;;119.032265;;0 / 19;66517;2022-10-23 22:38:37:148
1.8242;1.8553;8.7206;1.4746;2.1616;9.4511;0.2176;-0.2589;-1.9501;-0.7689;-0.8346;-1.041;2.0;32.85;-12.6;-36.56;265.9;-16.95;-5.4;5.0;989.54;54.921;35.95837;-83.92437;778.71;NaN;;;119.032265;;0 / 19;67016;2022-10-23 22:38:37:647
-0.419;2.1105;6.6951;0.0296;2.6234;9.4492;-0.0945;-1.0616;-1.7346;0.3563;0.1948;0.0533;1.0;26.44;-2.49;-42.0;284.39;-12.55;-1.75;5.0;989.54;69.739;35.95837;-83.92437;778.71;NaN;;;119.032265;;0 / 19;67517;2022-10-23 22:38:38:148
0.9027;-0.6918;11.9859;1.6388;1.7534;9.5084;0.4338;0.5726;1.9296;-0.1872;-1.1463;-0.4246;1.0;28.29;-5.08;-38.32;275.7;-12.42;-2.87;5.0;989.51;60.944;35.95837;-83.92437;778.71;NaN;;;119.032265;;0 / 19;68016;2022-10-23 22:38:38:647
1.5239;3.4642;9.9021;2.0479;1.785;9.4229;-0.5881;1.7778;-0.5322;-0.6158;-0.3163;0.2975;1.0;16.86;-5.62;-38.62;277.01;-14.27;-10.18;5.0;989.51;55.541;35.95837;-83.92437;778.71;NaN;;;119.032265;;0 / 19;68517;2022-10-23 22:38:39:148
2.2098;2.9124;9.1669;2.3326;3.3646;8.9112;-1.1564;-0.8215;-0.7673;0.3173;0.2116;0.5268;1.0;12.02;-10.03;-34.57;271.34;-19.27;-16.58;5.0;989.44;70.85;35.95837;-83.92437;778.71;NaN;;;119.032265;;0 / 19;69016;2022-10-23 22:38:39:647
2.9435;2.8693;7.1106;2.9486;3.3743;8.723;-0.5452;-0.6083;-3.3106;0.0089;-0.0383;-0.1632;1.0;6.41;-12.88;-30.13;255.87;-18.65;-18.53;5.0;989.48;68.087;35.95837;-83.92437;778.71;NaN;;;119.032265;;0 / 19;69516;2022-10-23 22:38:40:147
2.3928;1.494;11.5612;2.8274;2.2949;9.1055;0.1085;1.628;1.3576;0.6826;0.4723;0.5995;1.0;5.16;-8.81;-30.86;272.66;-19.51;-19.68;5.0;989.45;69.195;35.95837;-83.92437;778.71;NaN;;;119.032265;;0 / 19;70016;2022-10-23 22:38:40:647
5.6417;3.2979;10.905;2.5248;2.9585;9.0024;0.2035;1.3563;0.1389;-0.1818;-0.3018;0.0741;1.0;6.92;-7.97;-33.54;276.02;-17.56;-15.67;5.0;989.39;68.673;35.95837;-83.92437;778.71;NaN;;;119.032265;;0 / 19;70516;2022-10-23 22:38:41:147
2.1488;4.7605;9.1681;2.4552;3.4759;8.8352;0.1112;0.5327;-0.5718;-0.0493;-0.0414;-0.5441;1.0;-1.09;-4.58;-36.81;308.42;-19.61;-15.99;5.0;989.41;71.078;35.95837;-83.92437;778.71;NaN;;;119.032265;;0 / 19;71017;2022-10-23 22:38:41:648
0.7038;3.5695;7.3905;0.8871;3.6927;9.0414;0.6805;-2.1562;-1.0981;-0.1358;0.3651;0.2282;0.0;-2.01;-5.23;-40.76;349.45;-22.12;-5.6;5.0;989.37;71.632;35.95837;-83.92437;778.71;NaN;;;119.032265;;0 / 19;71516;2022-10-23 22:38:42:147
3.3338;1.9415;7.4121;2.1046;2.5265;9.2389;0.1122;-0.8381;0.1617;0.2575;-0.3106;-0.3893;1.0;2.64;-9.77;-42.84;267.85;-12.96;-11.7;5.0;989.33;66.774;35.95837;-83.92437;778.71;NaN;;;119.032265;;0 / 19;72016;2022-10-23 22:38:42:647
4.1764;0.6787;12.1454;2.8223;2.3325;9.0975;-0.8601;2.1059;0.936;-0.6614;0.0232;-0.3563;1.0;3.81;-4.26;-50.23;291.1;-13.76;-17.24;5.0;989.39;66.6;35.95837;-83.92437;778.71;NaN;;;119.032265;;0 / 19;72517;2022-10-23 22:38:43:148
0.7181;2.7724;6.9344;1.5313;2.7175;9.2973;-0.8263;-0.2573;-2.1634;-0.1872;0.3432;-0.4041;5.0;12.26;9.77;-55.76;315.19;-16.96;-13.24;5.0;989.34;70.531;35.95837;-83.92437;778.71;NaN;;;119.032265;;0 / 19;73016;2022-10-23 22:38:43:647
3.9359;-1.841;10.0947;2.7392;0.8998;9.3732;1.7572;-2.222;0.8726;0.236;0.1893;-0.385;6.0;27.73;23.16;-62.47;297.52;-1.77;-19.44;5.0;989.37;66.367;35.95837;-83.92437;778.71;NaN;;;119.032265;;0 / 19;73517;2022-10-23 22:38:44:148
1.0822;3.7289;8.237;1.1005;2.4965;9.4195;0.6486;-0.0398;-0.9342;0.181;0.3896;-0.2465;13.0;19.39;15.81;-68.79;314.1;-12.23;-9.66;5.0;989.33;67.952;35.95837;-83.92437;778.71;NaN;;;119.032265;;0 / 19;74018;2022-10-23 22:38:44:649
0.9505;3.6799;8.1867;0.4473;3.8472;9.0094;-0.1292;-0.2828;-0.0687;-0.3067;-0.3283;-0.087;12.0;18.26;-11.62;-70.58;311.94;-24.29;-1.68;5.0;989.33;68.814;35.95837;-83.92437;778.71;NaN;;;119.032265;;0 / 19;74517;2022-10-23 22:38:45:148
3.1149;3.9909;6.7346;1.734;4.0706;8.7518;1.1103;-0.4468;-0.7235;-1.2487;-1.3499;-1.3989;12.0;10.97;-24.99;-66.41;289.65;-25.78;-4.43;5.0;989.33;68.716;35.95837;-83.92437;778.71;NaN;;;119.032265;;0 / 19;75017;2022-10-23 22:38:45:648
2.1918;2.8633;6.2139;1.4939;2.8994;9.2484;4.2176;0.4892;3.6692;-0.0724;0.5461;-0.3476;16.0;7.31;-21.99;-57.15;245.66;-14.14;-10.91;5.0;989.35;69.005;35.95837;-83.92437;778.71;NaN;;;119.032265;;0 / 19;75516;2022-10-23 22:38:46:147
1.2903;4.4495;7.654;0.6167;4.0694;8.9011;0.1706;-0.6838;0.6992;-0.2671;-0.6204;-0.8243;13.0;15.9;-13.74;-48.0;284.7;-23.32;-5.69;5.0;989.3;69.617;35.95837;-83.92437;778.71;NaN;;;119.032265;;0 / 19;76017;2022-10-23 22:38:46:648
-0.0933;5.2454;9.1681;1.4451;4.5776;8.5515;0.5364;0.7562;-1.1173;-0.259;-0.6943;-0.9502;2.0;4.2;-7.86;-40.09;316.1;-27.83;-9.59;5.0;989.36;67.016;35.95837;-83.92437;778.71;NaN;;;119.032265;;0 / 19;76517;2022-10-23 22:38:47:148
-0.3736;4.2377;8.5026;0.2389;3.9703;8.9638;-0.5157;-0.8511;-0.9685;-0.0564;0.6128;0.0394;1.0;-10.42;-5.74;-36.07;33.37;-24.21;-5.75;5.0;989.3;66.364;35.95837;-83.92437;778.71;NaN;;;119.032265;;0 / 19;77016;2022-10-23 22:38:47:647
0.874;4.1034;7.4886;0.6863;3.986;8.9337;0.7861;-1.9257;-0.0439;-0.0921;0.0221;-0.3338;1.0;-17.04;-10.56;-30.67;78.21;-23.98;-4.39;5.0;989.27;62.817;35.95837;-83.92437;778.71;NaN;;;119.032265;;0 / 19;77516;2022-10-23 22:38:48:147
1.0558;1.9367;9.7618;-0.0702;3.1078;9.3009;-0.3771;-1.1914;2.0454;-0.2362;0.1849;0.3918;0.0;-16.26;-13.48;-25.41;101.43;-20.89;0.33;5.0;989.31;72.295;35.95837;-83.92437;778.71;NaN;;;119.032265;;0 / 19;78017;2022-10-23 22:38:48:648
1.8386;1.0439;11.7479;0.0554;2.5849;9.4597;-0.5206;1.1761;0.4745;-0.4817;-0.6667;-0.3155;0.0;-8.44;-9.34;-23.03;108.34;-15.28;-0.34;5.0;989.26;68.57;35.95837;-83.92437;778.71;NaN;;;119.032265;;0 / 19;78516;2022-10-23 22:38:49:147
1.6771;2.575;9.2064;1.5738;2.2248;9.4204;0.1742;-0.0505;-0.5962;-0.0078;-0.0777;-0.6194;0.0;-7.52;-4.12;-22.07;76.81;-12.19;-9.92;5.0;989.24;68.719;35.95837;-83.92437;778.71;NaN;;;119.032265;;0 / 19;79017;2022-10-23 22:38:49:648
-0.5495;2.9052;7.8754;0.7557;3.9469;8.9455;-1.246;-1.4659;-2.4841;0.1771;0.6024;0.4518;1.0;-15.13;-0.39;-24.17;49.79;-22.53;-7.62;5.0;989.2;66.259;35.95837;-83.92437;778.71;NaN;;;119.032265;;0 / 19;79516;2022-10-23 22:38:50:147
3.2381;2.2588;8.0225;1.9907;2.2939;9.3245;0.2307;-0.5995;0.1067;-0.246;-0.2863;-0.1689;0.0;-15.81;2.03;-24.39;52.99;-15.53;-9.34;5.0;989.23;72.527;35.95837;-83.92437;778.71;NaN;;;119.032265;;0 / 19;80016;2022-10-23 22:38:50:647
-1.0463;0.7756;12.3404;1.022;2.1153;9.5211;-1.9743;3.0E-4;1.498;-0.6959;-0.2594;0.3058;1.0;-23.34;0.17;-27.3;69.98;-15.97;-3.37;5.0;989.2;65.539;35.95837;-83.92437;778.71;NaN;;;119.032265;;0 / 19;80516;2022-10-23 22:38:51:147
-1.1037;2.5331;11.6809;-0.4315;2.5588;9.4571;-0.4103;-0.1462;-1.1767;-0.0252;0.2902;0.6099;1.0;-21.69;-3.34;-33.77;74.16;-15.86;0.6;5.0;989.16;69.877;35.95837;-83.92437;778.71;NaN;;;119.032265;;0 / 19;81018;2022-10-23 22:38:51:649
2.6539;1.8458;7.7868;1.1532;2.2307;9.4797;1.6506;-0.1008;-1.4606;0.0812;-0.4201;-0.6167;1.0;-15.28;0.51;-39.6;49.18;-12.49;-5.03;5.0;989.16;66.247;35.95837;-83.92437;778.71;NaN;;;119.032265;;0 / 19;81517;2022-10-23 22:38:52:148
3.6811;0.0646;14.0892;2.2445;1.4072;9.4421;-0.839;1.1361;3.2336;0.9845;0.2097;-0.2138;1.0;-19.87;1.76;-38.48;53.32;-8.25;-13.37;5.0;989.16;65.907;35.95837;-83.92437;778.71;NaN;;;119.032265;;0 / 19;82016;2022-10-23 22:38:52:647
0.2237;3.8916;8.9994;1.3784;2.1777;9.4619;-0.7566;0.899;0.0458;-0.2375;-0.0301;0.2185;2.0;-18.56;4.37;-39.71;44.43;-12.83;-8.29;5.0;989.18;60.651;35.95837;-83.92437;778.71;NaN;;;119.032265;;0 / 19;82516;2022-10-23 22:38:53:147
3.4104;-0.9577;9.4065;2.8316;0.586;9.3707;0.8615;-1.9954;0.1332;-0.0954;0.2114;-0.4087;4.0;-13.95;6.41;-40.76;5.25;-2.66;-17.88;5.0;989.17;65.276;35.95837;-83.92437;778.71;NaN;;;119.032265;;0 / 19;83017;2022-10-23 22:38:53:648
2.0291;4.3693;10.3268;0.6015;2.3981;9.4899;0.0326;0.5647;-1.3796;0.4661;0.9412;-0.3822;6.0;-13.33;-7.05;-39.34;74.41;-14.15;-3.63;5.0;989.13;57.174;35.95837;-83.92437;778.71;NaN;;;119.032265;;0 / 19;83517;2022-10-23 22:38:54:148
-0.516;3.7074;8.6067;-0.7856;3.273;9.2109;0.3189;0.2756;-1.6807;0.1193;-0.1239;-0.4206;6.0;-8.51;-16.99;-37.67;110.06;-18.4;4.71;5.0;989.13;69.824;35.95837;-83.92437;778.71;NaN;;;119.032265;;0 / 19;84016;2022-10-23 22:38:54:647
2.2504;2.3115;8.4069;0.2946;2.6769;9.4296;1.0891;-2.5282;0.1656;0.1713;-0.1253;-0.7556;6.0;-21.58;-21.0;-30.0;119.33;-15.84;-1.79;5.0;989.12;68.078;35.95837;-83.92437;778.71;NaN;;;119.032265;;0 / 19;84517;2022-10-23 22:38:55:148
-0.9254;0.1723;12.5438;-0.8809;2.437;9.4581;-0.4197;-0.6038;2.1653;-0.2715;0.3144;0.0066;4.0;-21.06;-31.03;-21.6;138.07;-15.01;2.7;5.0;989.07;49.79;35.95837;-83.92437;778.71;NaN;;;119.032265;;0 / 19;85016;2022-10-23 22:38:55:647
-0.9553;3.2501;8.8941;-1.2598;2.8602;9.2953;0.6403;0.6921;-0.2073;0.0764;-0.005;-0.3904;5.0;-3.04;-35.66;-20.27;168.75;-16.87;7.93;5.0;989.07;55.495;35.95837;-83.92437;778.71;NaN;;;119.032265;;0 / 19;85517;2022-10-23 22:38:56:148
2.1212;-2.4072;10.3268;1.684;0.0569;9.6608;0.7014;-0.2557;0.9124;-0.4529;-0.3915;-1.0248;8.0;2.03;-35.91;-19.99;187.3;-0.63;-7.46;5.0;989.05;70.067;35.95837;-83.92437;778.71;NaN;;;119.032265;;0 / 19;86016;2022-10-23 22:38:56:647
0.0957;2.9865;10.3965;1.5744;1.3503;9.5848;-0.603;1.4272;-0.9513;-0.1801;-0.1831;-0.7136;7.0;11.93;-29.81;-27.86;212.33;-8.44;-9.37;5.0;989.08;71.073;35.95837;-83.92437;778.71;NaN;;;119.032265;;0 / 19;86516;2022-10-23 22:38:57:147
-0.1998;2.8047;6.5563;0.7655;3.2572;9.2182;2.3271;-2.7003;-0.9345;0.1371;-0.523;-0.9199;4.0;22.43;-28.24;-23.89;230.09;-16.47;-7.8;5.0;989.05;70.71;35.95837;-83.92437;778.71;NaN;;;119.032265;;0 / 19;87017;2022-10-23 22:38:57:648
4.829;0.4597;8.5289;1.9713;2.2817;9.3316;1.6408;-1.6958;1.1953;-0.2692;-0.2192;-0.5756;3.0;23.14;-20.85;-18.08;236.39;-13.45;-11.93;5.0;989.07;68.105;35.95837;-83.92437;778.71;NaN;;;119.032265;;0 / 19;87516;2022-10-23 22:38:58:147
0.0072;2.5989;8.7529;2.3937;2.8657;9.068;-3.03;1.1354;-0.9412;-0.0567;0.1239;0.4064;1.0;20.19;-16.35;-21.43;248.24;-19.82;-13.76;5.0;989.05;64.924;35.95837;-83.92437;778.71;NaN;;;119.032265;;0 / 19;88016;2022-10-23 22:38:58:647
0.5255;4.3502;9.4412;0.6067;3.56;9.1175;-0.1461;-0.2375;-1.0076;-0.0438;0.2512;0.1874;1.0;23.44;-14.57;-23.62;256.62;-21.29;-3.81;5.0;989.02;64.344;35.95837;-83.92437;778.71;NaN;;;119.032265;;0 / 19;88517;2022-10-23 22:38:59:148
0.2704;2.892;7.5568;1.0781;2.9328;9.2955;-0.3753;-0.2124;-1.4689;-0.1747;0.1279;-0.1581;1.0;22.26;-15.58;-22.11;249.72;-18.62;-7.91;5.0;988.99;66.746;35.95837;-83.92437;778.71;NaN;;;119.032265;;0 / 19;89016;2022-10-23 22:38:59:647
0.6129;0.8151;10.0911;0.7002;2.029;9.5689;-0.4934;-1.0976;0.787;0.387;0.3615;0.4817;2.0;21.69;-11.53;-25.91;254.28;-11.94;-4.19;5.0;989.0;69.753;35.95837;-83.92437;778.71;NaN;;;119.032265;;0 / 19;89517;2022-10-23 22:39:00:148
2.1787;1.4016;9.2052;1.0824;2.0583;9.5269;1.7578;-0.9958;2.4066;0.1355;-0.3608;-0.4683;4.0;17.79;-17.76;-25.39;236.78;-11.6;-3.86;5.0;989.02;71.801;35.958324;-83.9244;783.42;NaN;;0.0;266.4031;;0 / 19;90016;2022-10-23 22:39:00:647
1.0056;1.439;10.7877;1.8007;0.7137;9.6135;-1.0402;2.1804;-0.2235;1.2181;-0.2645;1.3652;4.0;6.13;-25.31;-28.56;206.1;-4.17;-10.61;5.0;988.97;69.237;35.958324;-83.9244;783.42;NaN;;0.0;266.4031;;0 / 19;90516;2022-10-23 22:39:01:147
-0.1627;2.8023;8.4535;-0.6713;2.309;9.5073;0.2295;-0.0651;-1.8258;-0.2565;0.2806;0.1658;4.0;-5.81;-33.86;-26.29;164.64;-15.69;2.39;5.0;988.97;69.132;35.958363;-83.92439;806.55;NaN;;0.0;242.91727;;5 / 19;91017;2022-10-23 22:39:01:648
1.4928;2.5439;7.7533;1.3513;1.2691;9.6298;0.2702;1.0423;-1.9806;-0.2459;0.0719;-0.1999;4.0;-29.76;-24.53;-21.0;128.31;-9.04;-9.44;5.0;988.93;62.821;35.958363;-83.92439;806.55;NaN;;0.0;242.91727;;5 / 19;91516;2022-10-23 22:39:02:147
-0.3999;1.0032;4.3956;0.6486;2.1253;9.5516;1.0303;-3.4016;4.2654;1.1327;0.5874;0.6564;4.0;-31.13;-8.7;-13.82;104.77;-4.44;-8.34;5.0;988.91;65.641;35.95836;-83.9244;802.61;NaN;;0.0;209.96387;;5 / 19;92017;2022-10-23 22:39:02:648
2.7473;0.3508;8.1099;2.4371;0.7673;9.468;1.4003;-0.1061;0.2264;-0.3582;-0.1904;-0.7596;3.0;1.29;-1.03;-21.82;283.93;-6.56;-12.62;5.0;988.92;61.91;35.95836;-83.9244;802.61;NaN;;0.0;209.96387;;5 / 19;92516;2022-10-23 22:39:03:147
2.8896;0.6236;11.2582;2.1084;1.0233;9.5225;-0.696;1.5542;1.0169;0.7411;0.9357;-0.0118;4.0;8.4;2.64;-26.87;291.92;-8.17;-17.25;5.0;988.85;64.191;35.958347;-83.92437;810.54;NaN;;0.0;147.52461;;5 / 19;93017;2022-10-23 22:39:03:648
-1.7704;3.1448;8.7159;-0.7685;2.4165;9.4731;-0.584;0.29;-1.7844;-0.2312;-0.1066;-0.2097;4.0;51.92;1.11;-37.59;284.31;-16.1;4.18;5.0;988.86;69.319;35.958347;-83.92437;810.54;NaN;;0.0;147.52461;;5 / 19;93516;2022-10-23 22:39:04:147
3.536;1.1731;7.8503;1.5644;1.8078;9.5108;-0.4164;-0.5773;2.516;0.1578;-2.0E-4;-0.0344;4.0;48.06;-9.24;-39.11;267.28;-10.23;-2.92;5.0;988.86;68.621;35.958347;-83.92437;810.54;NaN;;0.0;147.52461;;6 / 19;94016;2022-10-23 22:39:04:647
1.0977;4.6457;8.3016;1.3945;3.3298;9.118;0.612;0.1553;-1.6993;-0.1866;-0.0639;-1.2189;10.0;21.41;-8.33;-44.08;282.68;-19.85;-8.7;5.0;988.87;69.191;35.958347;-83.92437;810.54;NaN;;0.0;147.52461;;6 / 19;94517;2022-10-23 22:39:05:148
0.1436;3.9742;6.4762;0.156;3.9345;8.9814;0.6055;-1.2837;0.3613;0.1979;-0.1959;-0.9134;10.0;18.96;-5.48;-40.44;297.63;-22.88;-2.01;5.0;988.84;68.159;35.958347;-83.92437;810.54;NaN;;0.0;147.52461;;6 / 19;95017;2022-10-23 22:39:05:648
2.2851;2.0949;7.9615;2.0171;3.1719;9.0576;1.0224;-2.5745;4.7331;-0.467;-0.4074;-1.5474;11.0;12.73;0.19;-36.77;297.45;-18.87;-12.55;5.0;988.84;66.554;35.958347;-83.92437;810.54;NaN;;0.0;147.52461;;6 / 19;95516;2022-10-23 22:39:06:147
3.0873;1.331;9.8806;1.2837;2.6073;9.3661;2.6923;-1.7708;4.7611;0.8928;0.4372;-0.3034;15.0;2.08;13.86;-29.53;340.58;-11.89;-9.56;5.0;988.89;69.41;35.958347;-83.92437;810.54;NaN;;0.0;147.52461;;6 / 19;96017;2022-10-23 22:39:06:648
1.6567;0.8055;9.434;2.2323;3.2731;8.9707;0.6752;-0.5662;1.3901;-0.898;0.5782;-1.2744;7.0;-2.94;16.65;-12.69;359.36;-19.5;-13.97;5.0;988.86;69.63;35.958347;-83.92437;810.54;NaN;;0.0;147.52461;;6 / 19;96516;2022-10-23 22:39:07:147
2.4766;4.3035;8.6749;2.5715;2.7516;9.0546;-0.5862;0.8465;0.3;0.1891;-0.0761;0.0228;1.0;-13.22;5.48;0.41;65.44;-15.07;-15.43;5.0;988.84;68.113;35.958344;-83.924385;807.06;NaN;;0.0;153.84045;;6 / 19;97017;2022-10-23 22:39:07:648
0.3784;1.3131;7.1824;1.5862;2.785;9.2681;0.1757;-1.5232;-2.4847;0.2474;0.6628;-0.4612;1.0;-12.32;-14.57;9.79;138.61;-13.83;-15.24;5.0;988.84;69.132;35.958344;-83.924385;807.06;NaN;;0.0;153.84045;;6 / 19;97517;2022-10-23 22:39:08:148
2.63;2.1476;5.9507;2.2911;2.7376;9.1338;0.1866;-1.2297;0.9822;-0.149;-0.7422;0.096;2.0;-18.49;-23.31;9.19;140.68;-16.36;-10.62;5.0;988.82;70.938;35.95834;-83.924385;803.08;NaN;;0.0;136.19415;;6 / 19;98017;2022-10-23 22:39:08:648
1.8793;1.4569;10.7207;2.7473;1.7664;9.2468;-1.224;0.1207;2.9353;0.1423;-0.0447;0.9331;2.0;-25.84;-28.35;8.14;135.38;-12.44;-15.1;5.0;988.87;68.455;35.95834;-83.924385;803.08;NaN;;0.0;136.19415;;6 / 19;98517;2022-10-23 22:39:09:148
5.8164;0.3305;14.5011;1.6416;2.0102;9.457;0.0151;0.4144;-0.9902;-0.6711;-0.4671;-0.0386;2.0;-31.01;-20.85;5.53;122.99;-12.65;-10.92;5.0;988.81;68.145;35.95834;-83.924385;803.08;NaN;;0.0;136.19415;;6 / 19;99016;2022-10-23 22:39:09:647
0.2321;5.2765;7.678;2.7949;3.6967;8.6425;-1.3117;-0.6058;-0.5315;0.3108;-0.6019;-0.7091;2.0;-22.99;-3.11;-3.66;89.27;-18.01;-15.76;5.0;988.8;67.36;35.95834;-83.924385;803.08;NaN;;0.0;136.19415;;6 / 19;99517;2022-10-23 22:39:10:148
0.3652;3.6209;7.8706;2.1103;3.1458;9.0455;-1.6419;-0.5229;-0.6697;-0.3639;0.7248;0.5774;2.0;-10.76;1.28;-16.93;25.9;-24.57;-20.27;5.0;988.76;62.911;35.95833;-83.924385;799.21;NaN;;0.0;102.96958;;5 / 19;100017;2022-10-23 22:39:10:648
3.597;2.0435;6.3191;3.0509;2.7595;8.9021;1.2225;-1.1568;-1.4103;-0.0882;-0.0044;-0.1256;2.0;-3.82;-13.11;-20.59;204.89;-16.34;-18.92;5.0;988.69;72.3;35.95833;-83.924385;799.21;NaN;;0.0;102.96958;;5 / 19;100516;2022-10-23 22:39:11:147
2.8406;1.7393;9.1095;2.989;2.4657;9.0087;1.5344;-0.204;3.6473;0.3812;0.3964;0.1125;3.0;-7.41;-17.1;-18.9;180.98;-13.23;-20.8;5.0;988.75;70.747;35.958317;-83.92438;797.65;NaN;;0.0;72.129;;7 / 19;101016;2022-10-23 22:39:11:647
5.036;2.339;12.1502;2.85;2.1897;9.1243;0.1435;1.3409;2.1413;-0.5261;-0.3221;-0.255;3.0;-12.39;-17.81;-16.5;153.38;-12.9;-17.35;5.0;988.75;71.387;35.958317;-83.92438;797.65;NaN;;0.0;72.129;;7 / 19;101516;2022-10-23 22:39:12:147
1.9128;1.6723;7.9508;2.9604;0.8531;9.3101;-0.5655;0.7556;-1.2502;-0.084;-0.1674;-0.2391;5.0;-18.81;-13.16;-13.65;128.07;-5.41;-16.44;5.0;988.71;69.286;35.958313;-83.924385;794.92;NaN;;0.0;65.26402;;8 / 19;102016;2022-10-23 22:39:12:647
1.7824;-1.8553;4.3143;1.8951;-0.4043;9.6133;5.3711;-2.7761;5.4692;1.1366;0.2085;-0.6428;7.0;-23.98;-4.59;-9.02;104.28;2.36;-11.15;5.0;988.7;65.625;35.958313;-83.924385;794.92;NaN;;0.0;65.26402;;8 / 19;102517;2022-10-23 22:39:13:148
2.3079;2.9925;8.499;1.0362;2.5608;9.4095;0.0158;0.1989;-0.6445;0.429;-0.0149;-0.5961;10.0;-28.18;-3.41;-11.34;89.7;-12.15;-7.55;5.0;988.68;68.457;35.958313;-83.92439;792.58;NaN;;0.0;56.603844;;8 / 19;103017;2022-10-23 22:39:13:648
0.7564;3.8964;10.0684;0.3175;2.3411;9.5178;1.0269;2.484;-1.3962;-0.3911;0.0308;-0.7122;10.0;-27.28;-13.67;-16.37;109.64;-14.15;-2.85;5.0;988.65;70.607;35.958313;-83.92439;792.58;NaN;;0.0;56.603844;;8 / 19;103516;2022-10-23 22:39:14:147
1.014;3.6341;7.3176;0.2328;3.6427;9.102;0.5368;-1.9003;0.504;0.295;-0.1514;-1.125;26.0;-24.34;-20.62;-22.42;117.11;-20.19;-2.86;5.0;988.68;66.103;35.958313;-83.92439;792.58;NaN;;0.0;56.603844;;7 / 19;104018;2022-10-23 22:39:14:649
-0.3078;3.4534;7.7402;1.107;2.1605;9.5014;-0.0796;-1.0895;0.662;-0.0263;0.2194;-1.0983;47.0;-5.29;-31.95;-30.81;180.59;-13.54;-9.61;5.0;988.68;67.917;35.958313;-83.92439;792.58;NaN;;0.0;56.603844;;7 / 19;104518;2022-10-23 22:39:15:149
-0.3173;2.7508;7.2529;-0.0349;3.1785;9.2772;1.6805;-2.0415;1.8559;1.0785;0.3943;0.0356;138.0;8.48;-23.51;-42.28;216.13;-9.86;-5.7;5.0;988.73;70.437;35.9583;-83.9244;785.62;NaN;;0.0;49.370167;;7 / 19;105016;2022-10-23 22:39:15:647
-1.2209;2.065;9.7331;0.8172;3.1404;9.2542;2.288;0.942;-0.072;-1.4366;-0.6748;-0.9767;133.0;16.22;-39.17;-36.23;216.4;-18.68;-5.05;5.0;988.76;68.872;35.9583;-83.9244;785.62;NaN;;0.0;49.370167;;7 / 19;105516;2022-10-23 22:39:16:147
1.1503;0.3592;10.4061;-0.2064;2.4836;9.4847;0.4034;1.1593;0.6438;0.0539;0.5989;-0.4856;55.0;22.09;-33.04;-39.34;223.98;-14.01;0.36;5.0;988.67;68.156;35.958317;-83.92442;787.54;NaN;;0.0;34.120174;;8 / 19;106016;2022-10-23 22:39:16:647
0.8186;1.689;7.8526;-2.5293;2.6439;9.0985;0.3968;1.161;4.0827;-0.2796;2.0724;0.4087;36.0;27.53;-29.68;-32.32;224.77;-15.64;15.54;5.0;988.69;68.009;35.958317;-83.92442;787.54;NaN;;0.0;34.120174;;8 / 19;106517;2022-10-23 22:39:17:148
-3.2512;1.6029;10.1258;-2.0006;0.1767;9.5988;-1.2008;0.6021;1.144;0.4457;0.0587;-0.2984;33.0;31.99;-23.62;-30.81;226.05;1.02;10.9;5.0;988.65;69.098;35.958317;-83.92442;787.54;NaN;;0.0;34.120174;;7 / 19;107016;2022-10-23 22:39:17:647
-1.695;0.358;9.2459;-4.0944;1.563;8.7729;0.6675;-0.2106;-2.3466;-0.1411;1.3898;-1.4301;28.0;30.06;-12.45;-28.93;249.31;-9.17;25.02;5.0;988.61;70.135;35.958317;-83.92442;787.54;NaN;;0.0;34.120174;;7 / 19;107516;2022-10-23 22:39:18:147
-4.3478;0.2584;9.5345;-3.4066;0.2748;9.1918;0.2447;0.5445;0.0992;-0.0215;0.3257;-0.9242;23.0;19.91;-0.58;-22.72;258.38;-1.84;18.04;5.0;988.62;63.384;35.958305;-83.92443;776.4;NaN;;0.0;22.695456;;7 / 19;108017;2022-10-23 22:39:18:648
-3.5456;-0.4214;8.7051;-4.9017;-0.0207;8.4937;1.2792;-0.0482;-1.2795;-0.923;-0.2416;0.5412;18.0;18.34;8.57;-18.17;323.62;0.12;29.99;5.0;988.6;71.307;35.958305;-83.92443;776.4;NaN;;0.0;22.695456;;7 / 19;108517;2022-10-23 22:39:19:148
-0.0802;2.8729;7.721;-1.4167;2.0132;9.4926;0.531;-1.5471;0.7486;1.4818;-0.8947;0.6041;11.0;26.63;9.43;-13.26;293.03;-2.16;14.53;5.0;988.59;70.322;35.958305;-83.92443;776.4;NaN;;0.0;22.695456;;8 / 19;109016;2022-10-23 22:39:19:647
-2.5487;1.4426;10.127;-1.789;2.7634;9.2376;-1.1527;-0.769;0.8339;0.1251;0.3962;0.4949;10.0;29.36;-4.33;-20.64;276.28;-15.02;9.63;5.0;988.51;68.95;35.958305;-83.92443;776.4;NaN;;0.0;22.695456;;8 / 19;109516;2022-10-23 22:39:20:147
-1.0534;2.3079;11.6665;-1.8193;3.1519;9.1063;0.1286;0.5857;0.7273;0.1253;0.2299;0.4068;10.0;36.32;-13.71;-17.01;259.2;-17.57;12.29;5.0;988.55;69.563;35.958298;-83.92444;769.95;NaN;;0.0;17.51954;;9 / 19;110017;2022-10-23 22:39:20:648
0.0969;4.2532;11.0788;-1.1878;1.5367;9.6124;1.653;0.2009;-0.4293;-0.4187;0.5923;-0.3273;13.0;40.2;-21.13;-23.03;247.54;-10.74;3.91;5.0;988.54;59.613;35.958298;-83.92444;769.95;NaN;;0.0;17.51954;;9 / 19;110517;2022-10-23 22:39:21:148
-2.8525;4.5069;4.465;-3.4935;5.0424;7.6511;0.7479;-2.9906;1.2047;-0.6402;0.4202;-0.1174;16.0;48.38;-13.91;-23.27;266.32;-18.98;11.82;5.0;988.49;71.3;35.95829;-83.924446;767.36;NaN;;0.0;15.057848;;10 / 19;111017;2022-10-23 22:39:21:648
-1.1803;0.2034;10.9182;-1.7274;1.9251;9.4594;0.1716;-0.5015;3.2443;0.0047;-0.8665;-1.0833;12.0;59.01;-8.91;-12.56;265.65;-11.32;10.35;5.0;988.57;70.964;35.95829;-83.924446;767.36;NaN;;0.0;15.057848;;10 / 19;111518;2022-10-23 22:39:22:149
-2.3521;3.4331;8.2705;-3.3874;3.3272;8.5805;-0.8144;-2.0548;4.1846;1.1321;0.6644;1.6032;16.0;59.53;4.2;-18.58;285.6;-15.5;19.57;5.0;988.49;69.448;35.95828;-83.92446;761.37;NaN;;0.0;14.081418;;10 / 19;112017;2022-10-23 22:39:22:648
-4.4124;3.5719;9.9512;-4.2337;2.2942;8.543;-1.0053;0.8266;-1.0103;-0.4156;-0.6846;-0.2471;15.0;69.43;9.6;-5.66;287.05;-13.53;26.36;5.0;988.49;69.413;35.95828;-83.92446;761.37;NaN;;0.0;14.081418;;10 / 19;112517;2022-10-23 22:39:23:148
-0.7373;3.4798;6.853;-2.1543;3.6195;8.856;1.9072;-0.3493;-0.9264;0.8541;-0.142;-0.7397;34.0;59.91;9.94;-12.3;286.9;-16.84;13.18;5.0;988.49;71.632;35.95827;-83.92448;762.26;NaN;;0.0;13.621175;;10 / 19;113016;2022-10-23 22:39:23:647
-3.0009;4.2724;7.0651;-3.353;2.9095;8.7443;-0.5396;0.9519;1.3787;-0.2268;-1.1369;-0.5089;42.0;38.4;12.45;-26.66;311.67;-17.26;20.98;5.0;988.53;71.012;35.95827;-83.92448;762.26;NaN;;0.0;13.621175;;10 / 19;113516;2022-10-23 22:39:24:147
2.1368;-1.3107;14.185;-1.3769;0.6422;9.6883;-0.3768;-2.4685;3.8195;0.1487;-0.2616;-0.5464;91.0;30.02;18.58;-27.86;308.68;-4.04;6.86;5.0;988.53;68.988;35.95827;-83.92448;762.26;NaN;;0.0;13.621175;;10 / 19;114017;2022-10-23 22:39:24:648
-1.1731;-1.1073;12.2554;-0.8973;0.6726;9.7423;-1.3119;0.029;1.2099;-0.189;-0.1158;-0.1646;121.0;13.63;24.53;-41.12;339.91;-3.93;5.26;5.0;988.48;70.27;35.95827;-83.92448;762.26;NaN;;0.0;13.621175;;10 / 19;114517;2022-10-23 22:39:25:148
-0.8031;3.0332;9.8518;-2.1766;1.7163;9.4068;1.0625;0.3078;0.2659;0.1765;0.3278;-0.2563;130.0;13.37;23.78;-44.23;350.78;-8.82;10.23;5.0;988.43;67.12;35.95827;-83.92448;752.8;NaN;;0.0;12.858006;;10 / 19;115016;2022-10-23 22:39:25:647
0.5291;2.4419;8.3195;0.0378;2.6715;9.4357;0.5806;-0.3585;-1.0372;-0.0063;0.074;-0.7027;125.0;8.51;15.28;-49.16;338.49;-15.75;-2.22;5.0;988.41;70.141;35.95827;-83.92448;752.8;NaN;;0.0;12.858006;;10 / 19;115517;2022-10-23 22:39:26:148
-2.4072;3.6114;9.3598;-1.6491;2.6592;9.2941;1.0468;1.1854;0.2139;0.071;0.3232;-0.4296;93.0;-0.86;9.83;-49.82;14.8;-15.38;6.07;5.0;988.48;70.903;35.95827;-83.92448;752.8;NaN;;0.0;12.858006;;10 / 19;116017;2022-10-23 22:39:26:648